id;title;place;slots;contract;term
1;bypassing initiatives Handmade;Unbranded turn-key;667;Future-proofed Canyon;Checking Account systematic Synergistic
2;Borders;Director Home;448;purple Buckinghamshire user-centric;cohesive B2C
3;sensor;Salad copying Home Loan Account;341;Movies;Data Tanzania Fully-configurable
4;magenta generate;Frozen lavender;127;Handmade Corporate;Integration Shirt Saint Helena Pound
5;Port;Intelligent portal;516;Croatia;Developer Village
6;Colorado;Buckinghamshire orchid Strategist;689;maximize;impactful Bedfordshire groupware
7;Credit Card Account Outdoors Cheese;sticky Rhode Island circuit;397;transmitter invoice Cross-group;Maine
8;indigo transmitter synergies;Ball;213;programming JSON;Corporate circuit
9;withdrawal Arkansas;Bedfordshire;891;Tuna Connecticut;Sleek
10;background;Pines scalable Legacy;919;paradigm;embrace
