id;title;date;summary;content
1;Unbranded Generic Rubber Shirt Steel;2020-11-13;Distributed access intermediate;programming
2;compress communities Triple-buffered;2020-11-12;Open-source IB UAE Dirham;Steel wireless
3;Alabama;2020-11-12;middleware granular Bedfordshire;grey
4;world-class Sleek Plastic Tuna Outdoors;2020-11-12;transmit;Personal Loan Account Officer
5;Public-key Personal Loan Account Oregon;2020-11-12;teal;Cotton violet
6;Automotive;2020-11-13;synthesizing;supply-chains
7;generating Views ADP;2020-11-12;Frozen Awesome Frozen Shoes;cross-platform purple
8;fresh-thinking multi-tasking;2020-11-12;online compressing;Shoes hard drive
9;San Marino Chips Jewelery;2020-11-12;markets;Personal Loan Account
10;grey Concrete;2020-11-12;compress;online core standardization
